Stream,Dist,Proportion_Downstream,W_2019,W_1957,Curve,Curvepos,Slump,Migdist,MR,Mignorm,MRnorm
SC,30,0.006451613,3.27,,0.019721693,0.019721693,0,,,,
SC,60,0.012903226,2.87,1.94,0.00936251,0.00936251,0,1.12,0.018064516,0.577319588,0.006294256
SC,90,0.019354839,2.35,2.26,0.006365773,0.006365773,0,3.44,0.055483871,1.522123894,0.023610158
SC,120,0.025806452,1.85,1.73,0.004486228,0.004486228,0,2.94,0.047419355,1.699421965,0.025632084
SC,150,0.032258065,2.6,1.3,0.003389092,0.003389092,0,2.87,0.046290323,2.207692308,0.01780397
SC,180,0.038709677,3.38,2.32,-0.001327795,0.001327795,0,3.1,0.05,1.336206897,0.014792899
SC,210,0.04516129,3.45,1.83,-0.010374513,0.010374513,2,2.7,0.043548387,1.475409836,0.012622721
SC,240,0.051612903,2.69,1.94,-0.018684851,0.018684851,1,1.37,0.022096774,0.706185567,0.008214414
SC,270,0.058064516,4.72,2.32,-0.012806437,0.012806437,0,3.3,0.053225806,1.422413793,0.011276654
SC,300,0.064516129,4.61,3.04,-0.003769732,0.003769732,1,3.13,0.050483871,1.029605263,0.010950948
SC,330,0.070967742,8.74,5.08,0.003118949,0.003118949,2,0.26,0.004193548,0.051181102,0.000479811
SC,360,0.077419355,4.72,3.07,0.009821856,0.009821856,0,2.56,0.041290323,0.833876221,0.00874795
SC,390,0.083870968,8.23,5.3,0.013323659,0.013323659,1,2.93,0.047258065,0.552830189,0.005742171
SC,420,0.090322581,6.66,3.3,0.005122699,0.005122699,0,2.88,0.046451613,0.872727273,0.006974717
SC,450,0.096774194,6.13,3.91,-0.006111479,0.006111479,0,4.63,0.074677419,1.184143223,0.012182287
SC,480,0.103225806,6.99,3.02,-0.021859458,0.021859458,1,6.67,0.107580645,2.208609272,0.01539065
SC,510,0.109677419,5.01,4.05,-0.016408106,0.016408106,1,3.92,0.063225806,0.967901235,0.012619921
SC,540,0.116129032,5.83,4.49,0.009219937,0.009219937,0,0.95,0.015322581,0.211581292,0.00262823
SC,570,0.122580645,4.48,4.7,0.022085428,0.022085428,0,3.39,0.054677419,0.721276596,0.012204781
SC,600,0.129032258,7.07,4.29,0.009672781,0.009672781,0,4.37,0.070483871,1.018648019,0.00996943
SC,630,0.135483871,5.52,3.27,0.00087211,0.00087211,0,1.48,0.023870968,0.452599388,0.004324451
SC,660,0.141935484,5.53,4.87,-0.003989083,0.003989083,0,6.51,0.105,1.336755647,0.018987342
SC,690,0.148387097,8.65,8.59,-0.011108291,0.011108291,1,5.92,0.095483871,0.689173458,0.011038598
SC,720,0.15483871,9.03,4.34,-0.028750151,0.028750151,2,5.1,0.082258065,1.175115207,0.00910942
SC,750,0.161290323,7.49,4.42,-0.02784901,0.02784901,0,3.88,0.062580645,0.877828054,0.008355226
SC,780,0.167741935,7.53,4.71,-0.009381715,0.009381715,0,5.78,0.093225806,1.227176221,0.012380585
SC,810,0.174193548,7.94,5.09,0.008247025,0.008247025,2,2.77,0.044677419,0.544204322,0.005626879
SC,840,0.180645161,7.02,9.35,0.034256143,0.034256143,2,4.41,0.071129032,0.471657754,0.010132341
SC,870,0.187096774,8.18,4.75,0.024458646,0.024458646,0,1.36,0.021935484,0.286315789,0.002681599
SC,900,0.193548387,7.9,3.64,-0.013703646,0.013703646,1,2.36,0.038064516,0.648351648,0.004818293
SC,930,0.2,9.17,5.01,-0.029048473,0.029048473,0,0.33,0.005322581,0.065868263,0.000580434
SC,960,0.206451613,7.62,6.32,-0.015773295,0.015773295,2,4.98,0.080322581,0.787974684,0.010541021
SC,990,0.212903226,10.47,7.18,-0.006050973,0.006050973,0,2.11,0.034032258,0.293871866,0.003250454
SC,1020,0.219354839,7.51,3.25,-0.001424756,0.001424756,0,4.67,0.075322581,1.436923077,0.010029638
SC,1050,0.225806452,7.75,2.38,0.001119316,0.001119316,0,2.73,0.044032258,1.147058824,0.005681582
SC,1080,0.232258065,5.66,3.42,0.004717887,0.004717887,0,1.87,0.03016129,0.546783626,0.00532885
SC,1110,0.238709677,8.82,3.38,0.009429102,0.009429102,2,1.86,0.03,0.550295858,0.003401361
SC,1140,0.24516129,9.33,3.61,0.006637228,0.006637228,2,3.49,0.056290323,0.966759003,0.006033261
SC,1170,0.251612903,8.98,4.22,-0.001894734,0.001894734,5,1.25,0.02016129,0.296208531,0.002245133
SC,1200,0.258064516,10.19,3.4,-0.008462051,0.008462051,8,2.96,0.047741935,0.870588235,0.004685175
SC,1230,0.264516129,11.06,4.87,-0.009749255,0.009749255,5,3.02,0.048709677,0.620123203,0.00440413
SC,1260,0.270967742,6.92,4.86,-0.00700434,0.00700434,6,2.04,0.032903226,0.419753086,0.004754801
SC,1290,0.277419355,8.13,3.91,-0.004270155,0.004270155,7,0.15,0.002419355,0.038363171,0.000297584
SC,1320,0.283870968,9.18,3.35,-0.001638957,0.001638957,7,2.72,0.043870968,0.811940299,0.004778973
SC,1350,0.290322581,8.72,4.99,-0.000150134,0.000150134,5,4.26,0.068709677,0.853707415,0.00787955
SC,1380,0.296774194,9.45,4.93,0.001024256,0.001024256,3,0.41,0.006612903,0.0831643,0.000699778
SC,1410,0.303225806,12.46,4.97,0.00211858,0.00211858,6,0.33,0.005322581,0.06639839,0.000427173
SC,1440,0.309677419,14.26,3.5,0.003672753,0.003672753,13,0.71,0.011451613,0.202857143,0.000803058
SC,1470,0.316129032,14.22,5.98,0.006839454,0.006839454,10,0.09,0.001451613,0.015050167,0.000102082
SC,1500,0.322580645,13.08,4.93,0.00858389,0.00858389,6,1,0.016129032,0.202839757,0.001233106
SC,1530,0.329032258,15.95,6.95,0.006284376,0.006284376,5,2.35,0.037903226,0.338129496,0.002376378
SC,1560,0.335483871,22.26,7.38,0.001318353,0.001318353,5,4.9,0.079032258,0.66395664,0.003550416
SC,1590,0.341935484,17.85,6.84,-0.003384503,0.003384503,4,0.47,0.007580645,0.06871345,0.000424686
SC,1620,0.348387097,19.1,6.71,-0.005814641,0.005814641,4,2.99,0.048225806,0.445603577,0.002524911
SC,1650,0.35483871,17.77,10.23,-0.00642254,0.00642254,7,0.81,0.013064516,0.079178886,0.000735201
SC,1680,0.361290323,19.63,7.59,-0.006006534,0.006006534,3,1.48,0.023870968,0.194993412,0.001216045
SC,1710,0.367741935,19.37,8.97,-0.006226283,0.006226283,6,2.32,0.037419355,0.258639911,0.00193182
SC,1740,0.374193548,21.25,8.25,-0.005394555,0.005394555,11,0.9,0.014516129,0.109090909,0.000683112
SC,1770,0.380645161,24.32,9.79,-0.001887945,0.001887945,7,2.88,0.046451613,0.294177732,0.001910017
SC,1800,0.387096774,21.62,9.52,0.003749026,0.003749026,8,1.2,0.019354839,0.12605042,0.000895228
SC,1830,0.393548387,21.17,11.17,0.015777682,0.015777682,15,1.22,0.019677419,0.109221128,0.000929495
SC,1860,0.4,30.84,20.07,0.029234666,0.029234666,6,0.58,0.009354839,0.028898854,0.000303335
SC,1890,0.406451613,27.91,22.91,0.016902709,0.016902709,10,1.72,0.027741935,0.075076386,0.000993978
SC,1920,0.412903226,18.28,10.98,0.005652039,0.005652039,8,0.59,0.009516129,0.053734062,0.000520576
SC,1950,0.419354839,24.71,13.78,0.000359785,0.000359785,3,1.3,0.020967742,0.094339623,0.000848553
SC,1980,0.425806452,31.41,28.18,-0.004261457,0.004261457,4,1.66,0.026774194,0.058907026,0.00085241
SC,2010,0.432258065,28.72,27.16,-0.009351778,0.009351778,9,2.11,0.034032258,0.077687776,0.001184967
SC,2040,0.438709677,33.99,25.94,-0.012720739,0.012720739,4,1.99,0.032096774,0.076715497,0.000944301
SC,2070,0.44516129,28.24,24.81,-0.0119841,0.0119841,8,2.23,0.035967742,0.089883112,0.001273645
SC,2100,0.451612903,32.24,22.15,-0.012643659,0.012643659,4,3.95,0.063709677,0.178329571,0.001976107
SC,2130,0.458064516,27.33,18.11,-0.016322455,0.016322455,7,0.98,0.015806452,0.054113749,0.000578355
SC,2160,0.464516129,27.5,19.8,-0.016163431,0.016163431,7,2.22,0.035806452,0.112121212,0.001302053
SC,2190,0.470967742,28.39,25.64,-0.008236337,0.008236337,2,3.61,0.058225806,0.140795632,0.002050927
SC,2220,0.477419355,27.95,27.28,0.000166006,0.000166006,10,6.78,0.109354839,0.248533724,0.003912517
SC,2250,0.483870968,38.27,28.26,0.011279157,0.011279157,7,8.03,0.129516129,0.284147205,0.003384273
SC,2280,0.490322581,34.96,22.74,0.024631208,0.024631208,1,0.79,0.012741935,0.034740545,0.000364472
SC,2310,0.496774194,30.81,22.12,0.015924422,0.015924422,4,4.86,0.078387097,0.219710669,0.00254421
SC,2340,0.503225806,28.01,25.85,0.006056555,0.006056555,7,6.71,0.108225806,0.259574468,0.003863827
SC,2370,0.509677419,25.56,23.08,0.003395713,0.003395713,11,4.68,0.075483871,0.202772964,0.002953203
SC,2400,0.516129032,28.02,24.01,0.005070232,0.005070232,9,6.5,0.10483871,0.270720533,0.003741567
SC,2430,0.522580645,28.06,23.22,0.014187102,0.014187102,11,4.86,0.078387097,0.209302326,0.002793553
SC,2460,0.529032258,34.33,33.16,0.031042125,0.031042125,4,2.15,0.034677419,0.064837153,0.00101012
SC,2490,0.535483871,30.44,37.77,0.019619032,0.019619032,4,2.75,0.044354839,0.072809108,0.001457123
SC,2520,0.541935484,27.64,31.56,0.005332798,0.005332798,18,4.31,0.069516129,0.136565272,0.002515055
SC,2550,0.548387097,30.54,29,-0.001353692,0.001353692,6,4.3,0.069354839,0.148275862,0.002270951
SC,2580,0.55483871,27.6,26.95,-0.008659319,0.008659319,5,0.47,0.007580645,0.017439703,0.000274661
SC,2610,0.561290323,24.66,24.75,-0.021826448,0.021826448,7,2.38,0.038387097,0.096161616,0.001556654
SC,2640,0.567741935,35.05,29.25,-0.026717335,0.026717335,6,1.41,0.022741935,0.048205128,0.000648843
SC,2670,0.574193548,32.89,33.06,-0.014850415,0.014850415,6,3.92,0.063225806,0.118572293,0.001922341
SC,2700,0.580645161,32.42,34.63,-0.006661791,0.006661791,2,2.99,0.048225806,0.086341323,0.001487533
SC,2730,0.587096774,34.33,30.57,-0.00151397,0.00151397,1,5.43,0.087580645,0.177625123,0.00255114
SC,2760,0.593548387,33.87,28.66,0.003309603,0.003309603,2,0.47,0.007580645,0.016399163,0.000223816
SC,2790,0.6,32.66,28.09,0.008164181,0.008164181,8,4.64,0.07483871,0.165183339,0.002291449
SC,2820,0.606451613,35.83,29.37,0.011785851,0.011785851,7,5.1,0.082258065,0.173646578,0.002295787
SC,2850,0.612903226,34.48,29.78,0.012282402,0.012282402,15,6.06,0.097741935,0.203492277,0.002834743
SC,2880,0.619354839,44.91,37.8,0.010737336,0.010737336,10,2.01,0.032419355,0.053174603,0.000721874
SC,2910,0.625806452,44.01,44.23,0.008328312,0.008328312,11,5.63,0.090806452,0.12728917,0.002063314
SC,2940,0.632258065,36.89,38.11,0.006035657,0.006035657,10,1.95,0.031451613,0.051167673,0.000852578
SC,2970,0.638709677,44.64,32.79,0.004598412,0.004598412,9,6.63,0.106935484,0.202195791,0.002395508
SC,3000,0.64516129,47.27,38.14,0.004846763,0.004846763,9,7.2,0.116129032,0.188778186,0.002456717
SC,3030,0.651612903,41.36,42.24,0.00640762,0.00640762,10,6.63,0.106935484,0.156960227,0.002585481
SC,3060,0.658064516,45.43,41.14,0.008056709,0.008056709,12,4.34,0.07,0.105493437,0.001540832
SC,3090,0.664516129,40.8,41.54,0.008570827,0.008570827,4,3.41,0.055,0.082089552,0.001348039
SC,3120,0.670967742,44.95,40.38,0.00712085,0.00712085,1,1.92,0.030967742,0.047548291,0.000688938
SC,3150,0.677419355,43.27,35.93,0.004037697,0.004037697,2,3.65,0.058870968,0.101586418,0.001360549
SC,3180,0.683870968,39.87,34.96,0.000669071,0.000669071,1,0.32,0.00516129,0.009153318,0.000129453
SC,3210,0.690322581,44.96,34.32,-0.002106121,0.002106121,6,1.73,0.027903226,0.050407925,0.000620623
SC,3240,0.696774194,46.37,35.64,-0.003251589,0.003251589,2,3.78,0.060967742,0.106060606,0.00131481
SC,3270,0.703225806,45.92,34.96,-0.002540982,0.002540982,2,7.81,0.125967742,0.223398169,0.0027432
SC,3300,0.709677419,45.35,37.14,-0.001279568,0.001279568,0,2.48,0.04,0.066774367,0.000882029
SC,3330,0.716129032,45.32,39.26,-0.001343321,0.001343321,2,2.46,0.039677419,0.062659195,0.000875495
SC,3360,0.722580645,44.6,40.94,-0.0034061,0.0034061,0,2.49,0.04016129,0.060820713,0.000900477
SC,3390,0.729032258,44.06,43.13,-0.007288405,0.007288405,4,2.5,0.040322581,0.057964294,0.000915174
SC,3420,0.735483871,56.94,55.3,-0.011411345,0.011411345,7,9.27,0.149516129,0.167631103,0.002625854
SC,3450,0.741935484,68.31,67.91,-0.013278888,0.013278888,3,9.11,0.146935484,0.134148137,0.00215101
SC,3480,0.748387097,74.51,75.58,-0.012276178,0.012276178,0,7.17,0.115645161,0.094866367,0.001552076
SC,3510,0.75483871,70.78,72.23,-0.01099047,0.01099047,2,4.07,0.065645161,0.056347778,0.000927454
SC,3540,0.761290323,62.64,58,-0.009988445,0.009988445,0,1.66,0.026774194,0.02862069,0.00042743
SC,3570,0.767741935,55.66,53.17,-0.008186579,0.008186579,7,0.75,0.012096774,0.014105699,0.000217333
SC,3600,0.774193548,56.02,48.93,-0.005291504,0.005291504,1,6.44,0.103870968,0.131616595,0.001854177
SC,3630,0.780645161,44.41,40.27,-0.002394287,0.002394287,2,8.11,0.130806452,0.201390613,0.002945428
SC,3660,0.787096774,47.69,38.79,-0.00062336,0.00062336,1,5.19,0.083709677,0.13379737,0.001755288
SC,3690,0.793548387,57.66,48.57,-0.000319332,0.000319332,1,7.81,0.125967742,0.160798847,0.002184664
SC,3720,0.8,68.15,56.68,-0.001211372,0.001211372,1,11.62,0.187419355,0.205010586,0.002750101
SC,3750,0.806451613,75,61.39,-0.002220385,0.002220385,2,15.08,0.243225806,0.245642613,0.003243011
SC,3780,0.812903226,72.67,57.02,-0.002728977,0.002728977,1,18.23,0.294032258,0.319712382,0.00404613
SC,3810,0.819354839,70.51,54.47,-0.002964362,0.002964362,3,17.73,0.285967742,0.325500275,0.004055705
SC,3840,0.825806452,68.36,54.63,-0.002861755,0.002861755,0,17.14,0.276451613,0.313747025,0.004044055
SC,3870,0.832258065,68.44,55.4,-0.00220825,0.00220825,0,13.39,0.215967742,0.241696751,0.003155578
SC,3900,0.838709677,68.64,56.09,-0.000719188,0.000719188,1,11.51,0.185645161,0.205205919,0.002704621
SC,3930,0.84516129,70.63,57.63,0.001730197,0.001730197,5,7.59,0.122419355,0.131702238,0.001733249
SC,3960,0.851612903,66.5,51.4,0.004490813,0.004490813,5,2.42,0.039032258,0.047081712,0.000586951
SC,3990,0.858064516,65.19,52.09,0.006570896,0.006570896,3,2.2,0.035483871,0.042234594,0.000544315
SC,4020,0.864516129,72.88,53.2,0.006677179,0.006677179,0,4.98,0.080322581,0.093609023,0.001102121
SC,4050,0.870967742,74.01,55.05,0.00591215,0.00591215,0,5.97,0.096290323,0.108446866,0.001301045
SC,4080,0.877419355,72.37,51.37,0.005233155,0.005233155,6,0.49,0.007903226,0.009538641,0.000109206
SC,4110,0.883870968,66.99,48.32,0.004851646,0.004851646,7,0.11,0.001774194,0.00227649,2.64845E-05
SC,4140,0.890322581,71.73,50.15,0.004447442,0.004447442,2,0.64,0.010322581,0.012761715,0.000143909
SC,4170,0.896774194,74.57,57.22,0.003720051,0.003720051,4,3.86,0.062258065,0.06745893,0.000834894
SC,4200,0.903225806,71.27,53.94,0.003202881,0.003202881,4,0.76,0.012258065,0.014089729,0.000171995
SC,4230,0.909677419,73.06,56.69,0.003262669,0.003262669,3,1.19,0.019193548,0.020991357,0.000262709
SC,4260,0.916129032,73.32,58.11,0.003854263,0.003854263,7,0.6,0.009677419,0.010325245,0.000131989
SC,4290,0.922580645,75,61.7,0.004167957,0.004167957,3,3.18,0.051290323,0.051539708,0.000683871
SC,4320,0.929032258,83.84,69.35,0.003015187,0.003015187,6,6.51,0.105,0.093871665,0.001252385
SC,4350,0.935483871,93.83,72.94,0.000795485,0.000795485,0,0.4,0.006451613,0.005483959,6.87585E-05
SC,4380,0.941935484,94.57,70.76,-0.001903512,0.001903512,1,5.2,0.083870968,0.073487846,0.000886867
SC,4410,0.948387097,102.48,68.72,-0.004220804,0.004220804,0,9.2,0.148387097,0.133876601,0.001447962
SC,4440,0.95483871,103.9,68.54,-0.005739476,0.005739476,0,13.19,0.212741935,0.192442369,0.002047564
SC,4470,0.961290323,101.78,70.06,-0.006492951,0.006492951,0,11.85,0.191129032,0.169140737,0.001877864
SC,4500,0.967741935,84.74,60.11,-0.006611446,0.006611446,0,11.78,0.19,0.195974048,0.002242152
SC,4530,0.974193548,83.68,54.11,-0.006526411,0.006526411,0,7.49,0.120806452,0.138421734,0.001443672
SC,4560,0.980645161,72.87,50.69,-0.006343124,0.006343124,0,7.84,0.126451613,0.154665615,0.001735304
SC,4590,0.987096774,70.71,51.72,-0.005884161,0.005884161,0,3.26,0.052580645,0.063031709,0.00074361
SC,4620,0.993548387,80.32,52.57,-0.005141444,0.005141444,0,2.47,0.03983871,0.046984972,0.000496
SC,4650,1,103.32,75.78,-0.003604111,0.003604111,0,2.45,0.039516129,0.03233043,0.000382464
CHC,30,0.009174312,4.66,1.87,0.021218629,0.021218629,1,0.05,0.000806452,0.026737968,0.000173058
CHC,60,0.018348624,4.76,2.51,-0.006370697,0.006370697,1,0.91,0.014677419,0.362549801,0.003083491
CHC,90,0.027522936,4.48,2.55,-0.014426104,0.014426104,1,0.75,0.012096774,0.294117647,0.002700173
CHC,120,0.036697248,5.37,3.4,-0.009072587,0.009072587,2,0.57,0.009193548,0.167647059,0.00171202
CHC,150,0.04587156,3.89,2.53,0.003335352,0.003335352,5,0.26,0.004193548,0.102766798,0.001078033
CHC,180,0.055045872,5.96,2.12,0.014072855,0.014072855,11,0.41,0.006612903,0.193396226,0.001109548
CHC,210,0.064220183,5.61,1.98,0.018969784,0.018969784,6,0.4,0.006451613,0.202020202,0.00115002
CHC,240,0.073394495,5.07,3.23,0.009215668,0.009215668,3,2.45,0.039516129,0.758513932,0.007794108
CHC,270,0.082568807,6.76,1.98,0.002404477,0.002404477,7,0.16,0.002580645,0.080808081,0.000381752
CHC,300,0.091743119,5.86,3.12,0.001182416,0.001182416,6,2.74,0.044193548,0.878205128,0.007541561
CHC,330,0.100917431,8.29,3.87,0.005482756,0.005482756,15,0.19,0.003064516,0.049095607,0.000369664
CHC,360,0.110091743,7.09,2.81,0.025647519,0.025647519,9,0.23,0.003709677,0.081850534,0.000523227
CHC,390,0.119266055,8.47,3.8,0.047166869,0.047166869,9,1.95,0.031451613,0.513157895,0.003713296
CHC,420,0.128440367,6.42,4.01,0.012391451,0.012391451,12,0.78,0.012580645,0.194513716,0.001959602
CHC,450,0.137614679,9.37,4.2,-0.000570375,0.000570375,8,0.61,0.00983871,0.145238095,0.001050022
CHC,480,0.146788991,8.29,5.03,-0.010557954,0.010557954,7,1.59,0.025645161,0.31610338,0.003093506
CHC,510,0.155963303,7.3,3.86,-0.029490777,0.029490777,8,0.18,0.002903226,0.046632124,0.000397702
CHC,540,0.165137615,9.23,4.47,-0.03566376,0.03566376,2,0.78,0.012580645,0.174496644,0.001363017
CHC,570,0.174311927,10.19,4.83,-0.028138116,0.028138116,12,0.98,0.015806452,0.202898551,0.001551173
CHC,600,0.183486239,11.97,10.87,-0.023950743,0.023950743,12,0.81,0.013064516,0.074517019,0.001091438
CHC,630,0.19266055,15.7,13.91,-0.012947665,0.012947665,6,2.82,0.045483871,0.202731848,0.002897062
CHC,660,0.201834862,13.86,12.38,-0.001865754,0.001865754,9,0.19,0.003064516,0.015347334,0.000221105
CHC,690,0.211009174,14.62,14.75,0.008745485,0.008745485,19,0.36,0.005806452,0.02440678,0.000397158
CHC,720,0.220183486,14.25,15.2,0.022825389,0.022825389,14,1.21,0.019516129,0.079605263,0.001369553
CHC,750,0.229357798,13.51,12.39,0.019776083,0.019776083,7,4.62,0.074516129,0.372881356,0.005515628
CHC,780,0.23853211,18.54,14.08,0.008990664,0.008990664,11,4.29,0.069193548,0.3046875,0.003732122
CHC,810,0.247706422,24.91,19.46,0.00354257,0.00354257,10,0.57,0.009193548,0.029290853,0.000369071
CHC,840,0.256880734,25.06,13.47,-0.000107846,0.000107846,4,0.9,0.014516129,0.066815145,0.000579255
CHC,870,0.266055046,25.23,13.66,-0.002856372,0.002856372,4,5.62,0.090645161,0.411420205,0.003592753
CHC,900,0.275229358,22.97,14.53,-0.00347611,0.00347611,8,2.73,0.044032258,0.18788713,0.001916946
CHC,930,0.28440367,23.22,13.22,-0.001785805,0.001785805,13,4.37,0.070483871,0.330559758,0.003035481
CHC,960,0.293577982,20.37,18.12,6.61E-05,6.60714E-05,5,0.5,0.008064516,0.027593819,0.000395902
CHC,990,0.302752294,19.32,14.78,0.000975878,0.000975878,5,0.57,0.009193548,0.038565629,0.000475857
CHC,1020,0.311926606,21.65,14.88,-0.000312853,0.000312853,8,0.87,0.014032258,0.058467742,0.000648141
CHC,1050,0.321100917,20.31,15.43,-0.003010009,0.003010009,15,3.29,0.053064516,0.213220998,0.002612729
CHC,1080,0.330275229,22.25,15.85,-0.006325489,0.006325489,6,3.05,0.049193548,0.192429022,0.002210946
CHC,1110,0.339449541,20.84,14.55,-0.008563236,0.008563236,6,1.97,0.031774194,0.135395189,0.001524673
CHC,1140,0.348623853,22.77,18.65,-0.009001064,0.009001064,3,2.5,0.040322581,0.134048257,0.001770864
CHC,1170,0.357798165,21.11,16.88,-0.008937249,0.008937249,0,0.59,0.009516129,0.034952607,0.000450788
CHC,1200,0.366972477,23.4,14.72,-0.009471382,0.009471382,3,1.32,0.021290323,0.089673913,0.000909843
CHC,1230,0.376146789,23.47,14.26,-0.00993427,0.00993427,6,1.62,0.026129032,0.113604488,0.001113295
CHC,1260,0.385321101,24.12,12.97,-0.008839384,0.008839384,4,2.06,0.033225806,0.158828065,0.001377521
CHC,1290,0.394495413,26.66,18.13,-0.006383565,0.006383565,4,1.72,0.027741935,0.094870381,0.001040583
CHC,1320,0.403669725,26.09,18.39,-0.003666348,0.003666348,11,1.62,0.026129032,0.088091354,0.001001496
CHC,1350,0.412844037,25.88,20.11,-0.001573205,0.001573205,6,1.34,0.021612903,0.066633516,0.00083512
CHC,1380,0.422018349,24.31,19.57,-0.000158492,0.000158492,14,0.07,0.001129032,0.003576903,4.64431E-05
CHC,1410,0.431192661,25.94,17.63,0.00126655,0.00126655,12,1.57,0.025322581,0.089052751,0.000976198
CHC,1440,0.440366972,23.61,18.41,0.003467397,0.003467397,10,0.53,0.008548387,0.028788702,0.000362066
CHC,1470,0.449541284,22.41,14.91,0.006599165,0.006599165,16,3.05,0.049193548,0.204560698,0.002195161
CHC,1500,0.458715596,22.6,14.58,0.01076805,0.01076805,10,2.45,0.039516129,0.168038409,0.001748501
CHC,1530,0.467889908,25.02,14.71,0.014880818,0.014880818,12,0.59,0.009516129,0.04010877,0.000380341
CHC,1560,0.47706422,25.28,12.25,0.016755054,0.016755054,2,1.5,0.024193548,0.12244898,0.000957023
CHC,1590,0.486238532,30.08,16.86,0.016156332,0.016156332,1,0.51,0.008225806,0.03024911,0.000273464
CHC,1620,0.495412844,28.91,18,0.016629397,0.016629397,11,2.73,0.044032258,0.151666667,0.001523081
CHC,1650,0.504587156,33.89,15.93,0.01680042,0.01680042,9,2.77,0.044677419,0.17388575,0.001318307
CHC,1680,0.513761468,28.56,20.85,0.012655386,0.012655386,6,1.24,0.02,0.059472422,0.00070028
CHC,1710,0.52293578,39.65,39.45,0.006165445,0.006165445,7,5.05,0.081451613,0.128010139,0.002054265
CHC,1740,0.532110092,45.26,41.15,0.000621805,0.000621805,13,2.08,0.033548387,0.05054678,0.000741237
CHC,1770,0.541284404,38.73,33.88,-0.003153146,0.003153146,6,1.72,0.027741935,0.050767414,0.000716291
CHC,1800,0.550458716,34.35,32.06,-0.005250526,0.005250526,5,5.44,0.087741935,0.169681847,0.00255435
CHC,1830,0.559633028,31.55,29.02,-0.006041485,0.006041485,0,4.01,0.064677419,0.138180565,0.002049997
CHC,1860,0.568807339,34.57,28.58,-0.006768072,0.006768072,5,1.07,0.017258065,0.037438768,0.000499221
CHC,1890,0.577981651,37.06,32.89,-0.006591217,0.006591217,4,5.82,0.093870968,0.176953481,0.002532946
CHC,1920,0.587155963,34.96,28.21,-0.005699837,0.005699837,5,7.29,0.117580645,0.258419,0.003363291
CHC,1950,0.596330275,32.17,27.53,-0.005217972,0.005217972,4,5.95,0.095967742,0.216127861,0.002983144
CHC,1980,0.605504587,31.41,28.49,-0.005691911,0.005691911,13,7,0.112903226,0.245700246,0.003594499
CHC,2010,0.614678899,31.5,33.15,-0.006550754,0.006550754,11,6.17,0.099516129,0.18612368,0.003159242
CHC,2040,0.623853211,35.2,32.7,-0.006821975,0.006821975,6,1.83,0.029516129,0.055963303,0.000838526
CHC,2070,0.633027523,33.54,32.72,-0.005968705,0.005968705,8,3.29,0.053064516,0.100550122,0.001582126
CHC,2100,0.642201835,31.31,32.15,-0.005400301,0.005400301,7,0.93,0.015,0.028926905,0.00047908
CHC,2130,0.651376147,36.8,34.71,-0.006635724,0.006635724,8,1,0.016129032,0.028810141,0.000438289
CHC,2160,0.660550459,43.01,34.48,-0.009932974,0.009932974,0,1.8,0.029032258,0.052204176,0.000675012
CHC,2190,0.669724771,35.82,37.14,-0.012600314,0.012600314,2,0.07,0.001129032,0.00188476,3.15196E-05
CHC,2220,0.678899083,39.26,43.65,-0.009614369,0.009614369,2,3.12,0.050322581,0.071477663,0.001281777
CHC,2250,0.688073394,43.51,39.3,-0.003665215,0.003665215,10,4.55,0.073387097,0.115776081,0.001686672
CHC,2280,0.697247706,46.04,45.07,0.001891825,0.001891825,8,4.23,0.068225806,0.093854005,0.001481881
CHC,2310,0.706422018,50,51.44,0.00739452,0.00739452,9,6.5,0.10483871,0.126360809,0.002096774
CHC,2340,0.71559633,44.42,43.07,0.010170711,0.010170711,4,7.61,0.122741935,0.176689111,0.002763213
CHC,2370,0.724770642,48.51,46.46,0.007424963,0.007424963,0,5.55,0.089516129,0.119457598,0.001845313
CHC,2400,0.733944954,47.24,44.35,0.002639126,0.002639126,0,0.05,0.000806452,0.001127396,1.70714E-05
CHC,2430,0.743119266,47.61,47.06,-0.001219275,0.001219275,0,2.62,0.042258065,0.055673608,0.000887588
CHC,2460,0.752293578,48.59,47.55,-0.003536668,0.003536668,2,1.86,0.03,0.039116719,0.000617411
CHC,2490,0.76146789,47.21,46.02,-0.003764535,0.003764535,4,0.58,0.009354839,0.012603216,0.000198154
CHC,2520,0.770642202,47.55,44.2,-0.002761851,0.002761851,2,2,0.032258065,0.045248869,0.000678403
CHC,2550,0.779816514,50,44.95,-0.002291958,0.002291958,4,4.78,0.077096774,0.106340378,0.001541935
CHC,2580,0.788990826,48.66,45.91,-0.003363963,0.003363963,11,8.18,0.131935484,0.17817469,0.002711375
CHC,2610,0.798165138,47.22,44.84,-0.005621123,0.005621123,2,8.05,0.12983871,0.179527208,0.002749655
CHC,2640,0.80733945,48.03,47.68,-0.00871743,0.00871743,5,8.13,0.131129032,0.170511745,0.002730148
CHC,2670,0.816513761,46.1,45.46,-0.010636629,0.010636629,8,7.95,0.128225806,0.174879015,0.002781471
CHC,2700,0.825688073,45.38,42.74,-0.00955442,0.00955442,7,8.47,0.136612903,0.198175012,0.003010421
CHC,2730,0.834862385,44.4,44.14,-0.006729227,0.006729227,12,7.35,0.118548387,0.166515632,0.002670009
CHC,2760,0.844036697,42.29,36.05,-0.004372093,0.004372093,13,4.95,0.07983871,0.137309293,0.001887886
CHC,2790,0.853211009,45.53,42.16,-0.003012953,0.003012953,9,2.01,0.032419355,0.047675522,0.000712044
CHC,2820,0.862385321,43.19,38.67,-0.002519106,0.002519106,0,0.52,0.008387097,0.013447117,0.000194191
CHC,2850,0.871559633,42.08,38.2,-0.002313845,0.002313845,5,0.47,0.007580645,0.012303665,0.000180148
CHC,2880,0.880733945,41.93,36.92,-0.001637072,0.001637072,0,1.78,0.028709677,0.048212351,0.000684705
CHC,2910,0.889908257,42.26,38.34,-3.11E-05,3.10588E-05,0,3.31,0.053387097,0.086332812,0.001263301
CHC,2940,0.899082569,46.42,34.67,0.002250184,0.002250184,5,3.33,0.053709677,0.096048457,0.001157037
CHC,2970,0.908256881,45.96,40.44,0.00454073,0.00454073,0,0.92,0.01483871,0.022749753,0.000322861
CHC,3000,0.917431193,47.71,45.05,0.005884734,0.005884734,0,1.27,0.020483871,0.028190899,0.000429341
CHC,3030,0.926605505,46.83,42.69,0.005867769,0.005867769,0,1.76,0.028387097,0.041227454,0.000606173
CHC,3060,0.935779817,47.32,35.82,0.004866688,0.004866688,4,3.33,0.053709677,0.092964824,0.001135031
CHC,3090,0.944954128,43.18,33.34,0.004047903,0.004047903,2,7.34,0.118387097,0.220155969,0.002741711
CHC,3120,0.95412844,38.4,32.2,0.003997384,0.003997384,1,9.24,0.149032258,0.286956522,0.003881048
CHC,3150,0.963302752,34.58,32.98,0.004712966,0.004712966,4,11.53,0.185967742,0.349605822,0.005377899
CHC,3180,0.972477064,36.59,41.98,0.005856917,0.005856917,1,11.35,0.183064516,0.270366841,0.00500313
CHC,3210,0.981651376,50,44.84,0.007140891,0.007140891,0,12.04,0.194193548,0.268510259,0.003883871
CHC,3240,0.990825688,70.21,59.25,0.009172368,0.009172368,0,11.13,0.179516129,0.187848101,0.002556846
CHC,3270,1,79.83,65.66,0.012806173,0.012806173,0,8.28,0.133548387,0.126104173,0.00167291
SWC,10,0.004424779,4.68,1.77,,0.005139596,0,0.41,0.006612903,0.231638418,0.001413014
SWC,40,0.017699115,7.42,2.19,0.005139596,0.009597232,3,2.18,0.03516129,0.99543379,0.004738718
SWC,70,0.030973451,7.07,2.28,0.009597232,0.010903719,6,0.88,0.014193548,0.385964912,0.002007574
SWC,100,0.044247788,7.21,1.92,0.010903719,0.011346512,8,0.38,0.006129032,0.197916667,0.000850074
SWC,130,0.057522124,6.55,2.6,0.011346512,0.01180245,1,0.11,0.001774194,0.042307692,0.000270869
SWC,160,0.07079646,7.99,6.36,0.01180245,0.011553978,11,1.89,0.030483871,0.297169811,0.003815253
SWC,190,0.084070796,11.21,3.52,0.011553978,0.007903691,8,0.47,0.007580645,0.133522727,0.00067624
SWC,220,0.097345133,12.29,5.92,0.007903691,0.002279257,14,0.32,0.00516129,0.054054054,0.000419959
SWC,250,0.110619469,8.42,3.73,0.002279257,0.003664025,15,4.08,0.065806452,1.09383378,0.007815493
SWC,280,0.123893805,10.62,3.41,-0.003664025,0.009957856,18,0.54,0.008709677,0.158357771,0.00082012
SWC,310,0.137168142,13.77,3.65,-0.009957856,0.015489649,15,1.72,0.027741935,0.471232877,0.002014665
SWC,340,0.150442478,11.58,3.9,-0.015489649,0.016233568,13,1.15,0.018548387,0.294871795,0.001601761
SWC,370,0.163716814,11.46,6.87,-0.016233568,0.013696217,11,1.26,0.020322581,0.183406114,0.001773349
SWC,400,0.17699115,11.96,6.35,-0.013696217,0.011434953,7,0.96,0.015483871,0.151181102,0.001294638
SWC,430,0.190265487,11.86,5.83,-0.011434953,0.010561206,2,2.86,0.046129032,0.490566038,0.003889463
SWC,460,0.203539823,22.05,10.03,-0.010561206,0.011549456,2,2.52,0.040645161,0.251246261,0.001843318
SWC,490,0.216814159,18.45,7.75,-0.011549456,0.014258032,5,1.09,0.017580645,0.140645161,0.00095288
SWC,520,0.230088496,19.89,7.04,-0.014258032,0.015189342,2,2.14,0.034516129,0.303977273,0.001735351
SWC,550,0.243362832,19.08,12.38,-0.015189342,0.010085749,0,0.7,0.011290323,0.056542811,0.000591736
SWC,580,0.256637168,19.16,14.7,-0.010085749,0.003218172,10,0.14,0.002258065,0.00952381,0.000117853
SWC,610,0.269911504,19.47,11.34,-0.003218172,0.00417229,6,0.34,0.005483871,0.029982363,0.000281657
SWC,640,0.283185841,19.19,15.99,0.00417229,0.015142884,9,0.77,0.012419355,0.048155097,0.000647178
SWC,670,0.296460177,22.62,13.86,0.015142884,0.018563659,7,3.41,0.055,0.246031746,0.002431477
SWC,700,0.309734513,19.49,18.4,0.018563659,0.007398192,5,5.88,0.09483871,0.319565217,0.004866019
SWC,730,0.32300885,20.15,14.25,0.007398192,0.000648583,0,3.68,0.059354839,0.258245614,0.00294565
SWC,760,0.336283186,22.83,20.49,-0.000648583,0.007983046,0,2.3,0.037096774,0.112249878,0.001624913
SWC,790,0.349557522,22.13,15.81,-0.007983046,0.022637276,7,1.47,0.023709677,0.092979127,0.001071382
SWC,820,0.362831858,23.33,14.28,-0.022637276,0.036412135,8,0.53,0.008548387,0.037114846,0.000366412
SWC,850,0.376106195,26.35,19.61,-0.036412135,0.019578628,4,1.35,0.021774194,0.068842427,0.000826345
SWC,880,0.389380531,24.18,21.2,-0.019578628,0.007059496,17,0.04,0.000645161,0.001886792,2.66816E-05
SWC,910,0.402654867,22.1,14.87,-0.007059496,0.000439403,5,2.97,0.047903226,0.199731002,0.002167567
SWC,940,0.415929204,22.9,14.61,-0.000439403,0.00574328,4,5.6,0.090322581,0.38329911,0.003944217
SWC,970,0.42920354,23.28,16.66,0.00574328,0.012276948,0,2.45,0.039516129,0.147058824,0.001697428
SWC,1000,0.442477876,25.18,21.66,0.012276948,0.01593393,10,0.57,0.009193548,0.026315789,0.000365113
SWC,1030,0.455752212,20.13,19.25,0.01593393,0.015861523,10,0.5,0.008064516,0.025974026,0.000400622
SWC,1060,0.469026549,26.58,16.61,0.015861523,0.014207494,0,0.43,0.006935484,0.025888019,0.000260929
SWC,1090,0.482300885,25.32,17.35,0.014207494,0.011065524,0,1.49,0.024032258,0.085878963,0.000949141
SWC,1120,0.495575221,25.45,18.3,0.011065524,0.005926071,3,5.12,0.082580645,0.279781421,0.003244819
SWC,1150,0.508849558,25.59,19.11,0.005926071,0.00100512,10,1.67,0.026935484,0.087388802,0.001052579
SWC,1180,0.522123894,25.2,14.93,0.00100512,0.001184802,13,1.53,0.024677419,0.102478232,0.000979263
SWC,1210,0.53539823,23.19,14.47,-0.001184802,0.000337177,6,2.25,0.036290323,0.155494126,0.001564913
SWC,1240,0.548672566,23.12,17.28,0.000337177,0.004638978,5,1.53,0.024677419,0.088541667,0.001067362
SWC,1270,0.561946903,25.71,17.25,0.004638978,0.016206273,3,3.39,0.054677419,0.196521739,0.002126699
SWC,1300,0.575221239,24.06,14.1,0.016206273,0.042151617,0,0.28,0.004516129,0.019858156,0.000187703
SWC,1330,0.588495575,24.69,17.33,0.042151617,0.023875591,5,3.08,0.049677419,0.177726486,0.002012046
SWC,1360,0.601769912,26,14.07,0.023875591,0.004931495,2,4.98,0.080322581,0.353944563,0.00308933
SWC,1390,0.615044248,28.06,15.15,0.004931495,0.004215478,0,2.86,0.046129032,0.188778878,0.001643943
SWC,1420,0.628318584,28.96,11.86,-0.004215478,0.011727649,1,0.99,0.015967742,0.083473862,0.000551372
SWC,1450,0.64159292,26.1,11.84,-0.011727649,0.012180202,9,1.99,0.032096774,0.168074324,0.001229761
SWC,1480,0.654867257,27.03,11.71,-0.012180202,0.008783149,6,6.09,0.098225806,0.520068318,0.003633955
SWC,1510,0.668141593,24.96,12.33,-0.008783149,0.009558584,7,2.01,0.032419355,0.163017032,0.001298852
SWC,1540,0.681415929,27.47,17.75,-0.009558584,0.01665844,2,0.39,0.006290323,0.021971831,0.000228989
SWC,1570,0.694690265,29.62,14.69,-0.01665844,0.022978778,0,4.1,0.066129032,0.27910143,0.00223258
SWC,1600,0.707964602,25.44,16.6,-0.022978778,0.011807885,2,1.14,0.018387097,0.068674699,0.000722763
SWC,1630,0.721238938,29.82,17.51,-0.011807885,0.000736992,6,1.95,0.031451613,0.111364934,0.001054715
SWC,1660,0.734513274,28.3,16.28,-0.000736992,0.011779831,6,0.67,0.010806452,0.041154791,0.000381853
SWC,1690,0.747787611,24.04,12.04,0.011779831,0.025204372,5,2.54,0.040967742,0.210963455,0.001704149
SWC,1720,0.761061947,26.9,13.03,0.025204372,0.016728628,7,2.53,0.040806452,0.194167306,0.001516968
SWC,1750,0.774336283,26.63,13.08,0.016728628,0.007518885,7,2.78,0.04483871,0.212538226,0.001683767
SWC,1780,0.787610619,28.6,15.65,0.007518885,0.003803406,8,1.89,0.030483871,0.120766773,0.00106587
SWC,1810,0.800884956,25.99,15.81,0.003803406,0.000833198,4,4.27,0.068870968,0.270082226,0.002649903
SWC,1840,0.814159292,28.08,18.43,0.000833198,0.003079968,11,1.25,0.02016129,0.0678242,0.000717995
SWC,1870,0.827433628,27.76,16.08,-0.003079968,0.008189633,13,1.9,0.030645161,0.118159204,0.001103932
SWC,1900,0.840707965,27.73,17.09,-0.008189633,0.009956454,7,0.29,0.004677419,0.016968988,0.000168677
SWC,1930,0.853982301,25.37,20.09,-0.009956454,0.005198476,12,1.3,0.020967742,0.06470881,0.000826478
SWC,1960,0.867256637,28.97,22.54,-0.005198476,0.001625374,7,0.09,0.001451613,0.003992902,5.01075E-05
SWC,1990,0.880530973,28.33,19.73,0.001625374,0.008461682,13,1.92,0.030967742,0.097313735,0.001093108
SWC,2020,0.89380531,27.04,16.91,0.008461682,0.011041491,15,3.6,0.058064516,0.21289178,0.002147356
SWC,2050,0.907079646,28.11,14.64,0.011041491,0.007400429,12,3.28,0.052903226,0.224043716,0.001882007
SWC,2080,0.920353982,26.92,16.72,0.007400429,0.005584094,9,3.45,0.055645161,0.206339713,0.002067057
SWC,2110,0.933628319,28.11,18.03,0.005584094,0.008093861,11,3,0.048387097,0.166389351,0.001721348
SWC,2140,0.946902655,31.82,19.33,0.008093861,0.008316889,17,1.18,0.019032258,0.061045008,0.000598123
SWC,2170,0.960176991,29.47,14.97,0.008316889,0.006751659,8,4.87,0.078548387,0.325317301,0.002665368
SWC,2200,0.973451327,29.1,18.01,0.006751659,0.001358844,2,4.15,0.066935484,0.23042754,0.002300188
SWC,2230,0.986725664,30.39,16.54,0.001358844,0.001664146,3,1.17,0.018870968,0.070737606,0.00062096
SWC,2260,1,30.78,16.33,-0.001664146,,4,0.92,0.01483871,0.056338028,0.000482089
SHC,30,0.018518519,1.78,2.28,-0.036398589,0.036398589,0,0.6,0.009677419,0.263157895,0.005436752
SHC,60,0.037037037,2.07,2.22,-0.017107585,0.017107585,0,1.42,0.022903226,0.63963964,0.01106436
SHC,90,0.055555556,3,2.16,-0.005666582,0.005666582,0,1.52,0.024516129,0.703703704,0.008172043
SHC,120,0.074074074,2.94,2.02,0.017504563,0.017504563,0,0.02,0.000322581,0.00990099,0.000109721
SHC,150,0.092592593,4.17,2.8,0.132676249,0.132676249,1,0.85,0.013709677,0.303571429,0.003287692
SHC,180,0.111111111,4.68,2.97,0.009460097,0.009460097,2,0.58,0.009354839,0.195286195,0.001998897
SHC,210,0.12962963,5.67,4.51,-0.006960348,0.006960348,3,0.11,0.001774194,0.024390244,0.000312909
SHC,240,0.148148148,6.05,3.63,-0.012325428,0.012325428,4,0.13,0.002096774,0.035812672,0.000346574
SHC,270,0.166666667,7.19,4.92,-0.020326465,0.020326465,2,1.31,0.021129032,0.266260163,0.002938669
SHC,300,0.185185185,8.61,8.66,-0.02507187,0.02507187,2,0.1,0.001612903,0.011547344,0.000187329
SHC,330,0.203703704,8.86,9.42,-0.01900798,0.01900798,2,1.09,0.017580645,0.115711253,0.001984271
SHC,360,0.222222222,14.3,13.6,-0.008921502,0.008921502,2,2.74,0.044193548,0.201470588,0.003090458
SHC,390,0.240740741,17.13,11.91,-0.001110773,0.001110773,9,4.24,0.068387097,0.356003359,0.003992241
SHC,420,0.259259259,16.33,13.25,0.010172858,0.010172858,6,1.49,0.024032258,0.11245283,0.001471663
SHC,450,0.277777778,19.29,18.75,0.028281023,0.028281023,3,2.02,0.032580645,0.107733333,0.001688991
SHC,480,0.296296296,18.32,13.86,0.017293241,0.017293241,6,0.93,0.015,0.067099567,0.000818777
SHC,510,0.314814815,17.16,16.78,0.005653709,0.005653709,3,0.72,0.011612903,0.042908224,0.000676743
SHC,540,0.333333333,20.37,17.8,0.002898363,0.002898363,5,0.57,0.009193548,0.032022472,0.000451328
SHC,570,0.351851852,17.69,18.94,0.003968352,0.003968352,5,3.93,0.063387097,0.20749736,0.003583216
SHC,600,0.37037037,19.19,17.92,0.007675271,0.007675271,1,4.95,0.07983871,0.276227679,0.004160433
SHC,630,0.388888889,17.46,21.97,0.00551537,0.00551537,0,0.09,0.001451613,0.004096495,8.31393E-05
SHC,660,0.407407407,20.67,16.53,-0.000802433,0.000802433,6,2.59,0.041774194,0.156684815,0.002021006
SHC,690,0.425925926,29.71,21.54,-0.007161596,0.007161596,5,6.32,0.101935484,0.293407614,0.003431016
SHC,720,0.444444444,23.83,22.95,-0.011867043,0.011867043,5,3.56,0.057419355,0.155119826,0.002409541
SHC,750,0.462962963,21.12,20.89,-0.011853087,0.011853087,4,9.19,0.148225806,0.439923408,0.007018267
SHC,780,0.481481481,26.37,11.61,-0.007606579,0.007606579,0,4.09,0.065967742,0.352282515,0.002501621
SHC,810,0.5,28.63,9.7,-0.001521471,0.001521471,0,1.57,0.025322581,0.16185567,0.000884477
SHC,840,0.518518519,31.45,15.53,0.005004052,0.005004052,0,2.33,0.037580645,0.150032196,0.001194933
SHC,870,0.537037037,26.35,14.55,0.007981899,0.007981899,0,6.43,0.103709677,0.441924399,0.003935851
SHC,900,0.555555556,25.41,11.54,5.58E-03,0.005584055,0,0.43,0.006935484,0.037261698,0.000272943
SHC,930,0.574074074,27.98,11.56,-0.000192954,0.000192954,0,1.77,0.028548387,0.153114187,0.001020314
SHC,960,0.592592593,27.39,12.75,-0.005677325,0.005677325,2,2.44,0.039354839,0.191372549,0.001436832
SHC,990,0.611111111,30.83,17.49,-0.007860622,0.007860622,0,5.03,0.081129032,0.28759291,0.002631496
SHC,1020,0.62962963,26.29,15.47,-0.005507847,0.005507847,1,2.78,0.04483871,0.17970265,0.001705542
SHC,1050,0.648148148,25.75,15.46,-0.001317356,0.001317356,0,2.82,0.045483871,0.18240621,0.001766364
SHC,1080,0.666666667,26.53,13.95,0.002446808,0.002446808,0,4.4,0.070967742,0.315412186,0.002675
SHC,1110,0.685185185,26.14,14.96,0.005540625,0.005540625,0,4.07,0.065645161,0.272058824,0.002511292
SHC,1140,0.703703704,25.7,13.31,0.008488484,0.008488484,0,0.04,0.000645161,0.003005259,2.51036E-05
SHC,1170,0.722222222,29.59,15.74,0.010530935,0.010530935,0,2.77,0.044677419,0.175984752,0.001509882
SHC,1200,0.740740741,30.78,14.85,0.010352641,0.010352641,0,0.28,0.004516129,0.018855219,0.000146723
SHC,1230,0.759259259,24.34,14.53,0.006250379,0.006250379,3,2.83,0.045645161,0.194769443,0.001875315
SHC,1260,0.777777778,29.84,22.61,0.000763607,0.000763607,2,5.51,0.088870968,0.243697479,0.00297825
SHC,1290,0.796296296,38.81,22.56,-0.004863321,0.004863321,2,2.72,0.043870968,0.120567376,0.001130404
SHC,1320,0.814814815,39.63,24.78,-0.012206711,0.012206711,0,0.2,0.003225806,0.008071025,8.13981E-05
SHC,1350,0.833333333,44.97,24.26,-0.019445443,0.019445443,0,2.26,0.036451613,0.093157461,0.000810576
SHC,1380,0.851851852,46.79,40.78,-0.017312156,0.017312156,0,1.92,0.030967742,0.047081903,0.000661845
SHC,1410,0.87037037,46.47,39.15,-0.009530258,0.009530258,0,5.78,0.093225806,0.147637292,0.00200615
SHC,1440,0.888888889,49.63,48.03,-0.003542792,0.003542792,0,0.46,0.007419355,0.009577347,0.000149493
SHC,1470,0.907407407,59.09,50.28,0.001736133,0.001736133,0,0.1,0.001612903,0.001988862,2.72957E-05
SHC,1500,0.925925926,65.21,54.18,0.005561236,0.005561236,0,1.46,0.023548387,0.026947213,0.000361116
SHC,1530,0.944444444,80.22,66.51,0.007128248,0.007128248,0,2,0.032258065,0.030070666,0.00040212
SHC,1560,0.962962963,83.39,62.45,-0.001161063,0.001161063,0,10.75,0.173387097,0.17213771,0.002079231
SHC,1590,0.981481481,81.89,61,-0.005869859,0.005869859,0,9.5,0.153225806,0.155737705,0.001871117
SHC,1620,1,86.3,69.01,,,0,2.46,0.039677419,0.035647008,0.000459762
WC,30,0.009090909,3.82,2.01,0.013657354,0.013657354,0,1.29,0.020806452,0.641791045,0.005446715
WC,60,0.018181818,5.97,2.03,0.00320741,0.00320741,0,1.5,0.024193548,0.738916256,0.004052521
WC,90,0.027272727,5.3,3.83,-0.001022647,0.001022647,0,1.86,0.03,0.485639687,0.005660377
WC,120,0.036363636,3.53,6.09,-0.00271107,0.00271107,3,2.59,0.041774194,0.425287356,0.011834049
WC,150,0.045454545,1.72,1.97,-0.003631219,0.003631219,5,0.42,0.006774194,0.21319797,0.003938485
WC,180,0.054545455,2.61,2.27,0.00202685,0.00202685,5,0.78,0.012580645,0.343612335,0.004820171
WC,210,0.063636364,3.95,2.76,0.023843567,0.023843567,1,0.92,0.01483871,0.333333333,0.003756635
WC,240,0.072727273,2.03,,0.027710017,0.027710017,17,,,,
WC,270,0.081818182,3.72,,0.002456297,0.002456297,2,,,,
WC,300,0.090909091,2.86,,-0.005353059,0.005353059,1,,,,
WC,330,0.1,8.56,2.98,-0.006489841,0.006489841,8,4.33,0.06983871,1.453020134,0.008158728
WC,360,0.109090909,4.75,4.06,-0.004215365,0.004215365,14,0.69,0.011129032,0.169950739,0.002342954
WC,390,0.118181818,4.98,2.31,-0.001406902,0.001406902,13,1.2,0.019354839,0.519480519,0.003886514
WC,420,0.127272727,4.62,2.98,0.001188568,0.001188568,12,2,0.032258065,0.67114094,0.006982265
WC,450,0.136363636,6.78,4.76,0.002577141,0.002577141,11,1.35,0.021774194,0.283613445,0.003211533
WC,480,0.145454545,6.58,2.4,0.002434471,0.002434471,11,0.89,0.014354839,0.370833333,0.002181586
WC,510,0.154545455,6.43,4.41,0.001046936,0.001046936,10,2.04,0.032903226,0.462585034,0.005117142
WC,540,0.163636364,7.36,3.49,2.12973E-05,2.12973E-05,8,2.11,0.034032258,0.604584527,0.004623948
WC,570,0.172727273,8.7,3.95,-0.000574861,0.000574861,7,1.23,0.01983871,0.311392405,0.002280311
WC,600,0.181818182,9.39,3.05,0.001388629,0.001388629,8,4.63,0.074677419,1.518032787,0.007952867
WC,630,0.190909091,9.59,5.03,0.005483251,0.005483251,3,4.74,0.076451613,0.942345924,0.007972014
WC,660,0.2,8.27,4.47,0.010064097,0.010064097,9,1.81,0.029193548,0.4049217,0.003530054
WC,690,0.209090909,9.36,3.92,0.008860836,0.008860836,13,0.69,0.011129032,0.176020408,0.001188999
WC,720,0.218181818,12.08,5.65,0.002301296,0.002301296,3,2.52,0.040645161,0.446017699,0.003364666
WC,750,0.227272727,11.76,3.5,-0.005589207,0.005589207,9,3.62,0.058387097,1.034285714,0.004964889
WC,780,0.236363636,12.72,4.41,-0.015231627,0.015231627,9,0.3,0.00483871,0.068027211,0.000380402
WC,810,0.245454545,11.07,4.7,-0.013489564,0.013489564,25,1.92,0.030967742,0.408510638,0.002797447
WC,840,0.254545455,10.33,4.83,-0.002319208,0.002319208,12,0.26,0.004193548,0.053830228,0.000405958
WC,870,0.263636364,15.68,6.07,0.005666308,0.005666308,9,1.17,0.018870968,0.192751236,0.001203506
WC,900,0.272727273,12.64,3.41,0.007398308,0.007398308,9,1.05,0.016935484,0.307917889,0.001339833
WC,930,0.281818182,21.03,6.99,-0.001067166,0.001067166,5,3.93,0.063387097,0.56223176,0.003014127
WC,960,0.290909091,17.7,5.23,-0.01313449,0.01313449,6,3.97,0.064032258,0.759082218,0.003617642
WC,990,0.3,17.54,6.21,-0.011992507,0.011992507,15,0.17,0.002741935,0.027375201,0.000156325
WC,1020,0.309090909,15.34,7.34,-0.003590175,0.003590175,16,0.67,0.010806452,0.091280654,0.000704462
WC,1050,0.318181818,16.04,6.34,0.002744113,0.002744113,9,2.05,0.033064516,0.323343849,0.002061379
WC,1080,0.327272727,16.31,7.13,0.007132522,0.007132522,18,0.25,0.004032258,0.035063114,0.000247226
WC,1110,0.336363636,14.15,8.94,0.008978927,0.008978927,16,0.27,0.004354839,0.030201342,0.000307762
WC,1140,0.345454545,18.91,8.35,0.007418045,0.007418045,9,1.19,0.019193548,0.14251497,0.001014995
WC,1170,0.354545455,22.65,9.38,0.002614062,0.002614062,11,0.38,0.006129032,0.040511727,0.000270597
WC,1200,0.363636364,32.89,11.93,-0.002163318,0.002163318,6,4.49,0.072419355,0.376362112,0.002201865
WC,1230,0.372727273,27.79,12.31,-0.005508599,0.005508599,6,0.54,0.008709677,0.043866775,0.00031341
WC,1260,0.381818182,20.81,9.64,-0.00775175,0.00775175,5,2.14,0.034516129,0.221991701,0.001658632
WC,1290,0.390909091,26.87,17.09,-0.010063155,0.010063155,3,1.2,0.019354839,0.070216501,0.000720314
WC,1320,0.4,22.41,8.92,-0.01902633,0.01902633,9,1.7,0.027419355,0.19058296,0.001223532
WC,1350,0.409090909,24.03,9.3,-0.045974768,0.045974768,9,3.65,0.058870968,0.392473118,0.002449895
WC,1380,0.418181818,20.5,8.98,-0.032251467,0.032251467,1,2.65,0.042741935,0.295100223,0.002084972
WC,1410,0.427272727,37.76,22.09,-0.007821342,0.007821342,12,1.11,0.017903226,0.050248981,0.000474132
WC,1440,0.436363636,37.71,17.06,0.001017284,0.001017284,11,1.23,0.01983871,0.072098476,0.000526086
WC,1470,0.445454545,33.19,17.86,0.009266144,0.009266144,9,2.1,0.033870968,0.117581187,0.001020517
WC,1500,0.454545455,32.05,15.14,0.01891041,0.01891041,12,0.49,0.007903226,0.032364597,0.000246591
WC,1530,0.463636364,28.13,13.09,0.016795708,0.016795708,4,0.72,0.011612903,0.05500382,0.00041283
WC,1560,0.472727273,29.53,11.95,0.009012812,0.009012812,8,0.95,0.015322581,0.079497908,0.000518882
WC,1590,0.481818182,33.34,15.3,0.004111687,0.004111687,10,0.06,0.000967742,0.003921569,2.90265E-05
WC,1620,0.490909091,26.7,14.65,0.001413037,0.001413037,3,1.25,0.02016129,0.085324232,0.000755105
WC,1650,0.5,31.4,15.93,-0.0008637,0.0008637,5,4.23,0.068225806,0.265536723,0.002172796
WC,1680,0.509090909,29.16,14.99,-0.002690104,0.002690104,6,0.68,0.010967742,0.045363576,0.000376123
WC,1710,0.518181818,33.41,19.52,-0.0036443,0.0036443,2,4.25,0.068548387,0.21772541,0.002051733
WC,1740,0.527272727,34.73,19.64,-0.003642228,0.003642228,2,3.66,0.059032258,0.186354379,0.001699748
WC,1770,0.536363636,32.12,21.62,-0.002091751,0.002091751,6,2.15,0.034677419,0.099444958,0.001079621
WC,1800,0.545454545,31.04,22.75,0.000252363,0.000252363,5,0.19,0.003064516,0.008351648,9.8728E-05
WC,1830,0.554545455,32.57,24.85,0.003236986,0.003236986,8,0.17,0.002741935,0.006841046,8.41859E-05
WC,1860,0.563636364,30.24,25,0.006219309,0.006219309,10,2.99,0.048225806,0.1196,0.001594769
WC,1890,0.572727273,32.1,24.28,0.006970344,0.006970344,7,1.6,0.025806452,0.065897858,0.000803939
WC,1920,0.581818182,34.35,24.34,0.005002172,0.005002172,7,2.24,0.036129032,0.092029581,0.001051791
WC,1950,0.590909091,36.08,23.42,0.001164188,0.001164188,8,4.72,0.076129032,0.201537148,0.002110006
WC,1980,0.6,39.32,26.05,-0.003306478,0.003306478,6,2.99,0.048225806,0.114779271,0.001226496
WC,2010,0.609090909,41.25,29.25,-0.008409108,0.008409108,6,4.62,0.074516129,0.157948718,0.001806452
WC,2040,0.618181818,38.15,26.89,-0.012630958,0.012630958,2,6.92,0.111612903,0.257344738,0.002925633
WC,2070,0.627272727,36.25,30.64,-0.011730917,0.011730917,6,10.16,0.163870968,0.331592689,0.004520578
WC,2100,0.636363636,37.4,33.7,-0.007338031,0.007338031,4,6.34,0.102258065,0.188130564,0.002734173
WC,2130,0.645454545,41.12,40.83,-0.003018858,0.003018858,4,7.73,0.124677419,0.189321577,0.003032038
WC,2160,0.654545455,44.16,46.95,0.000705276,0.000705276,6,8.8,0.141935484,0.18743344,0.003214119
WC,2190,0.663636364,43.9,43.97,0.003848077,0.003848077,2,7.28,0.117419355,0.165567432,0.002674701
WC,2220,0.672727273,37.91,38.86,0.005940035,0.005940035,8,3.9,0.062903226,0.100360268,0.001659278
WC,2250,0.681818182,36.06,29.43,0.006663184,0.006663184,5,3.1,0.05,0.105334692,0.001386578
WC,2280,0.690909091,39.22,28.54,0.006574788,0.006574788,0,2.46,0.039677419,0.086194814,0.001011663
WC,2310,0.7,47.55,22.53,0.006132387,0.006132387,0,1.11,0.017903226,0.049267643,0.000376514
WC,2340,0.709090909,61.68,29.33,0.005290683,0.005290683,0,1.14,0.018387097,0.038868053,0.000298105
WC,2370,0.718181818,78.59,43.49,0.004000073,0.004000073,3,2.97,0.047903226,0.068291561,0.000609533
WC,2400,0.727272727,79.03,50.15,0.00208921,0.00208921,3,2.81,0.045322581,0.056031904,0.000573486
WC,2430,0.736363636,74.44,49.42,-1.76E-05,1.76152E-05,1,3.39,0.054677419,0.06859571,0.000734517
WC,2460,0.745454545,74.91,50.06,-0.001679759,0.001679759,0,2.37,0.038225806,0.047343188,0.00051029
WC,2490,0.754545455,74.28,52.98,-0.002336717,0.002336717,0,0.61,0.00983871,0.011513779,0.000132454
WC,2520,0.763636364,72.92,54.19,-0.00201527,0.00201527,3,2.71,0.043709677,0.050009227,0.00059942
WC,2550,0.772727273,68.31,60.13,-0.000659504,0.000659504,9,3.6,0.058064516,0.059870281,0.000850015
WC,2580,0.781818182,67.72,57.52,0.001851781,0.001851781,3,3.16,0.050967742,0.054937413,0.000752625
WC,2610,0.790909091,72.4,55.19,0.005162641,0.005162641,0,0.84,0.013548387,0.015220149,0.000187132
WC,2640,0.8,74.11,57.37,0.008032378,0.008032378,0,2.68,0.043225806,0.046714311,0.000583266
WC,2670,0.809090909,81.77,62.6,0.008623235,0.008623235,4,5.2,0.083870968,0.083067093,0.001025694
WC,2700,0.818181818,75.77,53.98,0.006532651,0.006532651,7,6.88,0.110967742,0.127454613,0.001464534
WC,2730,0.827272727,81.52,63.2,0.004064692,0.004064692,3,3.35,0.054032258,0.053006329,0.00066281
WC,2760,0.836363636,63.57,52.52,0.003041621,0.003041621,3,6.29,0.101451613,0.119763899,0.001595904
WC,2790,0.845454545,71.78,49.57,0.003462211,0.003462211,3,2.58,0.041612903,0.052047609,0.000579728
WC,2820,0.854545455,69.97,53.61,0.004324915,0.004324915,3,3.15,0.050806452,0.058757694,0.000726118
WC,2850,0.863636364,72.91,60.22,0.00406332,0.00406332,3,5.76,0.092903226,0.095649286,0.001274218
WC,2880,0.872727273,79.27,60.58,0.00306968,0.00306968,10,5.45,0.087903226,0.089963684,0.001108909
WC,2910,0.881818182,80.29,68.77,0.002215337,0.002215337,3,5.9,0.09516129,0.085793224,0.00118522
WC,2940,0.890909091,79.96,74.8,0.001287335,0.001287335,3,3.85,0.062096774,0.051470588,0.000776598
WC,2970,0.9,86.5,77.28,0.000388634,0.000388634,1,3.96,0.063870968,0.051242236,0.000738393
WC,3000,0.909090909,95.38,78.63,-0.000407359,0.000407359,0,10.94,0.176451613,0.139132647,0.001849985
WC,3030,0.918181818,99.9,85.04,-0.001417127,0.001417127,0,11.02,0.177741935,0.129586077,0.001779199
WC,3060,0.927272727,103.71,88.05,-0.002496538,0.002496538,0,10.15,0.163709677,0.115275412,0.001578533
WC,3090,0.936363636,105.39,80.24,-0.003729075,0.003729075,0,9.03,0.145645161,0.112537388,0.001381964
WC,3120,0.945454545,95.95,74.82,-0.004959511,0.004959511,0,8.58,0.138387097,0.114675221,0.001442283
WC,3150,0.954545455,91.69,62.99,-0.006448589,0.006448589,0,6.21,0.10016129,0.098587077,0.001092391
WC,3180,0.963636364,86,52.99,-0.007953056,0.007953056,0,0.27,0.004354839,0.005095301,5.06377E-05
WC,3210,0.972727273,82.13,55.96,-0.008389678,0.008389678,0,5.5,0.088709677,0.098284489,0.001080113
WC,3240,0.981818182,68.81,58.69,-0.008285984,0.008285984,0,4.8,0.077419355,0.081785653,0.001125118
WC,3270,0.990909091,78.06,75.42,-0.008215965,0.008215965,0,7.12,0.11483871,0.094404667,0.001471159
WC,3300,1,92.04,84.83,-0.010849187,0.010849187,0,3.67,0.059193548,0.043262997,0.000643129